"ta","math_grade","spanish_grade","better_at_math"
"Coco Li",3.1652719159786,3.78774322557883,FALSE
"Molly Li",3.58116839785273,3.76568380984514,FALSE
"Yunwei Liang",3.26136212473371,3.61265375749035,FALSE
"YuYu Madigan",3.93530752601258,3.9221977402843,TRUE
"Saurav Sawansukha",3.70192940465581,4,FALSE
"Gavin Sreesangkom",3.16472629575922,3.76562391278474,FALSE
"Yubing Tian",3.68180020699524,3.62023763430471,TRUE
"George Zhang",3.23930621295545,3.66962217124324,FALSE
